12 Days in a Stable with 30 Cows and 1 Bull in Dibru Saikhowa National Park	1-7	stories/vagabond/ocr/12_days_in_a_stable_with_30_cows_and_1_bull_in_dibru_saikhowa_national_park.txt	10573
The Man Who Bought a Mountain	8-17	stories/vagabond/ocr/the_man_who_bought_a_mountain.txt	14628
Kaziranga	18-31	stories/vagabond/ocr/kaziranga.txt	19994
Pirates of the Caribbean and Yanni Yanankis	32-45	stories/vagabond/ocr/pirates_of_the_caribbean_and_yanni_yanankis.txt	20580
Quest for the Feral Horse	46-54	stories/vagabond/ocr/quest_for_the_feral_horse.txt	12737
A Strange Football Game in Guatemala	55-59	stories/vagabond/ocr/a_strange_football_game_in_guatemala.txt	7963
The Last of the Dooars	60-62	stories/vagabond/ocr/the_last_of_the_dooars.txt	3407
Love and Football in Mexico	63-75	stories/vagabond/ocr/love_and_football_in_mexico.txt	18645
Miracle of Migration	76-78	stories/vagabond/ocr/miracle_of_migration.txt	4513
Lost in the Sands of Persia	79-91	stories/vagabond/ocr/lost_in_the_sands_of_persia.txt	17318
The Fight Is On	92-97	stories/vagabond/ocr/the_fight_is_on.txt	8098
Vodka, Apple and a Bulldozer in Siberia	98-105	stories/vagabond/ocr/vodka_apple_and_a_bulldozer_in_siberia.txt	11676
The Young Oak and the Old Lady	106-114	stories/vagabond/ocr/the_young_oak_and_the_old_lady.txt	13091
Shining India	115-118	stories/vagabond/ocr/shining_india.txt	5813
How to Eat a Duck in China	119-126	stories/vagabond/ocr/how_to_eat_a_duck_in_china.txt	11465
Where Humans Dare	127-134	stories/vagabond/ocr/where_humans_dare.txt	11932
Disco Dancer in a Remote Indonesian Village	135-143	stories/vagabond/ocr/disco_dancer_in_a_remote_indonesian_village.txt	13939
Only Footsteps in the Dark Jungle: My "Ghost" Experience	144-151	stories/vagabond/ocr/only_footsteps_in_the_dark_jungle_my_ghost_experience.txt	10725
Paradise Regained	152-155	stories/vagabond/ocr/paradise_regained.txt	4933
Hoolongapar Gibbon Wildlife Sanctuary	156-161	stories/vagabond/ocr/hoolongapar_gibbon_wildlife_sanctuary.txt	8813
The Story of Dream the Leopard Cub	162-168	stories/vagabond/ocr/the_story_of_dream_the_leopard_cub.txt	10517
A Rogue Wild Buffalo and Me in Pobitora	169-175	stories/vagabond/ocr/a_rogue_wild_buffalo_and_me_in_pobitora.txt	10541
Fambangloh (Phambangloh) Wildlife Sanctuary: Hidden Treasure in the Eastern Himalayas	176-180	stories/vagabond/ocr/fambangloh_phambangloh_wildlife_sanctuary_hidden_treasure_in_the_eastern_himalayas.txt	6588
Pench, Maharashtra: Tiger Haven in a Power Plant	181-184	stories/vagabond/ocr/pench_maharashtra_tiger_haven_in_a_power_plant.txt	5073
Orang National Park	185-190	stories/vagabond/ocr/orang_national_park.txt	8857
Manas: Alluringly Beautiful	191-196	stories/vagabond/ocr/manas_alluringly_beautiful.txt	8605
Tadoba: Raining Tigers	197-201	stories/vagabond/ocr/tadoba_raining_tigers.txt	6862
The Realm of the Red Panda	202-204	stories/vagabond/ocr/the_realm_of_the_red_panda.txt	4314
Lepchajagat	205-208	stories/vagabond/ocr/lepchajagat.txt	5882
Rhino and the Jumping Lady	209-212	stories/vagabond/ocr/rhino_and_the_jumping_lady.txt	5672
About the Author	213-213	stories/vagabond/ocr/about_the_author.txt	1348
